PICid,Mass,Radius,Teff,BOLrandomSysNSRNCAM_T,Nu_max_Est
3071773000564,1.2278304182047,1.42063130818689,6153.60129700631,12.600000381469727,1820.3602112064734
3048720000650,1.4173229660693,1.93456198021021,6333.72572395204,12.229999542236328,1116.9154213525546
3042455000393,1.31389394086471,1.42677511266243,6554.68697817111,14.470000267028809,1871.1976653679048
3028407000042,1.1602742166947,1.67989576586607,5481.08686673049,12.960000038146973,1303.493933025232
3006117000071,1.27127169837189,1.40707451195093,6383.5716329542,13.3100004196167,1886.3344840411087
2979572000153,1.17320609212024,1.49634559924366,5779.13329893427,11.020000457763672,1617.8025593855486
2973615000068,1.40690024118995,1.67945707770765,6607.42859164484,10.229999542236328,1440.308862679951
2955725000150,1.04663959748218,1.11202308710066,5750.30695406681,10.770000457763672,2619.8138003291037
2952087000142,1.5195406527878,2.26508392588035,6404.71475210693,9.630000114440918,868.6407854673771
2949542000180,1.3400904710331,1.55409681126781,6482.69479899048,12.720000267028809,1617.5085257700478
2938136000058,1.38220895297467,1.61048053371033,6593.12039908774,10.34000015258789,1540.5068183960723
2938083000069,1.30234669369334,1.43588896360823,6485.74418886154,10.649999618530273,1840.9897700897347
2923633000051,1.2347358197255,1.58467483657212,5951.2469192464,10.539999961853027,1496.0156093756623
2922449000904,1.39614065175567,1.63864157931332,6615.91930711336,10.649999618530273,1500.4188713934304
2914127000043,1.25100690057149,1.28483825873971,6489.54609118231,10.699999809265137,2208.014953766747
2911495000112,1.26682670213759,1.54715526989198,6153.13345153795,13.630000114440918,1583.607776646084
2900433000106,1.21497598117964,1.56758250969946,5881.21809788269,12.75,1513.2811333324557
2897515000003,1.10205502701212,1.10183641558532,6066.85060889769,9.572999954223633,2735.481437888567
2886230000109,1.33324271536656,1.74504473326775,6194.00052758822,12.130000114440918,1305.7404488206992
2884721000063,1.2354281233994,1.52052192339891,6042.88347204391,14.520000457763672,1613.4532529104295
2870028000065,1.26136039612778,1.81057497269282,5792.84677304807,12.329999923706055,1186.605974561551
2861039000053,1.35408452946713,1.6835902073604,6366.49649686257,13.1899995803833,1405.3002646452333
2861277001607,1.22640416654433,1.30880444147546,6326.97842430958,11.329999923706055,2112.673118061924
2861094000113,1.26598175916494,1.33600614086161,6474.4910766224,11.489999771118164,2068.9695890719536
2859555000062,1.43133288932518,2.26995080115362,6042.70613931694,10.109999656677246,838.7613508580029
2850455000057,1.32938258079693,1.43550212111446,6613.60769330709,14.210000038146973,1861.9562738811142
2845908000092,1.2517997857041,1.5995636497236,6011.02476838984,14.069999694824219,1481.1667280212773
2841137000023,1.34941473960784,1.55082223970085,6530.21840667507,13.890000343322754,1629.686025223238
2836400000043,1.18625461901836,1.24107079475732,6244.16432882232,12.510000228881836,2287.6734342343866
2836362000044,1.27709576899998,1.43490909554629,6367.61028865683,12.359999656677246,1824.453660784093
2833269000107,1.09934964095564,1.16002938685741,5942.37293884032,10.279999732971191,2487.5068776038293
2822183000032,1.16649796672836,1.15711360671841,6297.87400503975,10.649999618530273,2576.8040063538083
2817364000171,1.3484704923566,1.49459366279149,6610.0890417296,10.329999923706055,1742.7612933695723
2817364000181,1.16906659161164,1.42719626489893,5858.01437794441,11.470000267028809,1760.1230013011561
2809154000107,1.44545404017372,2.28451009233715,6086.52529716347,9.574000358581543,833.2585827258848
2802523000039,1.26102702450797,1.46048998049746,6252.03678560208,13.199999809265137,1754.94234716742
2802533000109,1.30860711266985,2.00693514666003,5786.8497354573,11.479999542236328,1002.4619158592438
2795848000038,1.6754763,1.5682815,7938.053,9.22599983215332,1794.6494868806647
2795953000164,1.15507552924917,1.24899049002759,6072.32677615319,11.649999618530273,2230.2879538811144
2795929000186,1.22887338321506,1.48925331670422,6056.4385921007,14.289999961853027,1671.1202916491197
2795857000112,1.32702118071191,1.47554740722662,6539.77948688498,11.829999923706055,1769.034708020834
2787400000022,1.47243546893325,2.30212049538695,6179.21527763369,9.53600025177002,829.583089939828
2768785000027,1.28916101873013,1.35979463336071,6546.40042898894,13.970000267028809,2022.5795973020015
2768594000018,1.50325087518039,2.34306060601293,6264.26712268275,10.15999984741211,812.0367276789075
2761533000026,1.34385013118988,1.53946846466239,6521.36855109356,9.95199966430664,1648.1102396939104
2754583000062,1.05932951820444,1.13832154742298,5769.89476959609,10.210000038146973,2526.175973657727
2752733000008,1.22098931670831,1.31412870917987,6291.28092812919,13.710000038146973,2092.2467616487806
2751053000064,1.40881738339531,1.83155380269341,6419.33345711717,10.720000267028809,1230.3162442908808
2751018000100,1.00276278028318,1.23977383657243,5296.4334893114,11.380000114440918,2104.107363809595
2747434000008,1.39034528078323,1.62581121973547,6607.99189291059,13.199999809265137,1518.7772031782047
2747356000041,1.22113701159534,1.33715990472483,6253.65225697676,12.020000457763672,2027.1095761354927
2736513000014,1.22661339447165,1.44273336479508,6114.18748573261,14.390000343322754,1768.9377985891626
2731229000035,1.25403332735675,1.42212700808632,6277.36048304706,13.100000381469727,1836.9196557416014
2733008000117,1.26966491889532,1.89555985306943,5734.63128327679,11.239999771118164,1095.2361056340856
2729355000072,1.2549679071919,1.27363913606651,6528.87522066235,13.130000114440918,2247.330938638266
2723863000021,1.26802294710089,1.4548409457795,6293.83792253147,13.539999961853027,1772.4936598011175
2722144000023,2.3941789,1.7918226,10469.515,11.850000381469727,1710.6047881681488
2721950000046,1.28009522431264,1.43229951268372,6385.93590916638,10.6899995803833,1832.7730800001668
2722240001147,1.29307435004174,1.44953649093168,6420.6435103342,13.260000228881836,1802.6951840440188
2720255000121,1.07646636864655,1.300814315523,5585.3656616733,13.829999923706055,1997.9767550301904
2714549000005,1.36440075665513,1.65562756712489,6450.32713532057,12.550000190734863,1454.6957468065752
2714737000028,1.37110811497375,1.74872110267161,6357.68767547145,9.428999900817871,1319.8585521831178
2707222000040,1.30282387122732,1.41652155913188,6518.74574102075,10.569999694824219,1887.572731945208
2707075000076,1.27636993268538,1.71602590353567,5973.89057296016,12.09000015258789,1316.2750245141883
2705295000035,1.3886381634981,1.66259702508782,6549.29318336121,12.149999618530273,1457.0158235540196
2701607000008,1.17270141509221,1.73684583671011,5472.39138172535,12.100000381469727,1233.4533139556427
2699697000036,1.29556829636703,1.66293615077009,6128.98259073419,11.09000015258789,1404.628108096406
2695768000003,1.21541936598543,1.62506449780758,5807.69781616063,13.779999732971191,1417.5204311962173
2690298000184,1.20787989844473,1.34079561111669,6182.5059042886,11.0600004196167,2005.684925995435
2688171000057,1.33641252004042,1.48812084237835,6564.15401563466,13.25,1748.3208692142948
2686374000065,1.23395797950104,1.32486559754613,6337.01509798164,9.8149995803833,2072.815940215851
2686373000121,1.13843148074503,1.15290374216793,6160.25696305613,10.029999732971191,2561.343178768989
2676954000822,1.2205635282045,1.4232203875394,6114.53344278699,13.369999885559082,1808.7593934548372
2670835000020,1.29702194744187,1.41301538392633,6496.84021388337,13.720000267028809,1891.6850771135507
2670955000145,1.27791141048824,1.39671276854298,6431.90875092395,14.550000190734863,1917.1804419419957
2668824000057,1.28942948112385,1.38803736343801,6501.03934818158,11.140000343322754,1948.2750587647504
2667034000055,1.42943573248957,1.85934341444877,6474.44146231304,12.800000190734863,1206.1203529255847
2665034000060,1.39145842087371,1.95210882959344,6203.18745610002,10.329999923706055,1088.180940729711
2657250000153,1.08389810887171,1.21754008865897,5759.76630502443,9.611000061035156,2261.340046330245
2641253000030,1.07165394077216,1.22489090222787,5683.39073858609,10.260000228881836,2223.8340508651245
2641246000173,1.33470528374372,1.43795301591994,6634.63818209395,12.710000038146973,1860.0891171294354
2625032000100,1.37827452516343,1.76285807771673,6371.37651374739,11.220000267028809,1304.159712264617
2623119000435,1.27410544117338,1.39851365355978,6410.79697079312,13.899999618530273,1909.687579479482
2618801000023,1.21160300707776,1.34689430304789,6190.89798206589,10.90999984741211,1992.3373323667163
2612807000082,1.40168670297435,2.03448352856091,6156.44320217729,11.319999694824219,1013.0340537724754
2608610000003,1.39019995401271,1.60377732470606,6638.62987438773,13.270000457763672,1557.0275253743366
2596408000165,1.35216414400761,1.82699025192304,6177.53287979338,12.800000190734863,1209.7504944231832
2577865000019,1.17624163877357,1.21506894561958,6239.98789858758,12.109999656677246,2367.2777637037516
2575920000104,1.14170535555034,1.39411677836833,5772.23126416124,13.229999542236328,1814.806202321848
2555472000229,1.20643249809723,1.29960484055774,6243.77384549956,13.479999542236328,2121.793872132311
2547321000398,1.31571585914395,1.42433662564373,6567.17616608309,13.550000190734863,1878.4250810672181
2543098000059,1.21058096455846,1.263567845033,6326.59837008505,11.640000343322754,2237.4738228466013
2504374000121,1.19904575021927,1.32173933631188,6170.13445167318,13.279999732971191,2050.8939115877565
2496118000587,1.34268273024424,1.78715206436466,6183.85535262994,12.930000305175781,1254.7786296930128
2467489000191,1.24085930511811,1.27247149271496,6461.33596063521,9.8149995803833,2237.7503984497653
2467502000409,1.27269828761244,1.35597384969717,6473.51367320485,14.319999694824219,2019.29226965322
2459261000546,1.27072386270554,1.45025266455765,6313.66592405102,12.9399995803833,1784.7172786333056
2455191000167,1.07723269069073,1.18013775136038,5789.76250261425,9.916999816894531,2385.9433582674237
2451019000309,1.18777961121225,1.43765662243126,5933.90118268581,12.699999809265137,1751.0629490078884
2438800000411,1.28899013525048,1.67444289066468,6084.03238318561,13.239999771118164,1383.4374928999919
2434526000027,1.3096436340934,1.60832838938725,6266.45227054209,11.699999809265137,1501.2022210436078
2399809000015,1.17125308350565,1.20425327236337,6234.21159227657,10.430000305175781,2400.881326803614
2399692000030,1.30091105700277,1.35762477526061,6606.39668516143,14.229999542236328,2038.22515663096
2387542000514,1.24618761407291,1.28982237123671,6457.09756869164,13.369999885559082,2188.0202223526258
2332142000046,1.18517080861151,1.34072718625072,6070.4544334159,13.90999984741211,1986.2590946036069
2324045000285,1.15593421183689,1.58350247450487,5579.70694457561,11.65999984741211,1448.5594244611536
2295300000010,1.29706637848224,1.35145014689478,6598.39409448186,13.039999961853027,2052.0569202523775
2291183000132,1.33589143693456,1.68849312492354,6278.30754699946,12.859999656677246,1388.0262059985942
2258472000170,1.22777434799507,1.44796344278155,6111.92501499921,11.930000305175781,1758.1694855185626
2961876000234,2.7491858,1.9687434,11469.427,12.960000038146973,1554.5381581779914
2839656000140,3.02254,2.2583427,11963.453,10.850000381469727,1271.7755661849337
2797638000047,1.5114393,1.6267177,7167.279,14.260000228881836,1583.5637691015436
2722050000028,1.6305826,2.144828,6972.677,11.279999732971191,996.3329075180899
2645246000073,1.475941,1.8807074,6701.612,12.4399995803833,1196.4189311608138
2641220000006,4.1302485,2.9343123,14455.741,10.699999809265137,936.4610546097964
2637280000086,3.9624007,2.7231174,14239.925,11.40999984741211,1051.037463268737
2598372000088,1.3618015,1.5281482,6695.6616,14.34000015258789,1672.7556200489607
2539047000122,1.4149967,1.6743785,6729.923,10.270000457763672,1444.0741299325255
2532934000233,1.5359434,1.5835657,7321.104,13.529999732971191,1680.2006068246203
2487897000361,3.8883967,2.7287514,14013.445,11.239999771118164,1035.4200063376104
2475554000181,3.0061753,2.2409697,11934.839,11.9399995803833,1286.116875379678
2325985000051,1.3107743,1.4388076,6595.956,13.270000457763672,1829.9110616480198
2172478000154,1.4826152,1.6958091,6964.7534,13.050000190734863,1450.000124029306
2278881000032,1.4218501,1.5961483,6848.149,14.369999885559082,1582.949714865908
2338296000072,1.5021933,1.9359798,6734.1357,11.109999656677246,1146.3827215185693
2498197000381,1.5471013,1.8596536,7010.5215,10.430000305175781,1254.0817964959233
2802403000013,1.5222558,1.6766304,7150.176,9.487000465393066,1503.1453744424905
